<Mission>
	<Name>Mars 1</Name>
	<Map>C:\Users\jalbouys\Desktop\Planification-Activities-Astronauts\nanedi valles.jpg</Map>
	<X>700</X>
	<Y>1000</Y>
	<BeginMission>
		<Day>
			9
		</Day>
		<Month>
			11
		</Month>
		<Year>
			2014
		</Year>
	</BeginMission>
	<Astronauts>
		<Astronaut>Bruce Willis</Astronaut>
		<Astronaut>Will Smith</Astronaut>
		<Astronaut>Arnold Schwarzenegger</Astronaut>
		<Astronaut>Amy Pond</Astronaut>
	</Astronauts>
	<Activities>
		<Living>
			<Activity>Living</Activity>
			<Activity>Eating</Activity>
			<Activity>Sleeping</Activity>
			<Activity>Entertainment</Activity>
			<Activity>Private</Activity>
			<Activity>Health Control</Activity>
			<Activity>Medical Act</Activity>
		</Living>
		<Science>
			<Activity>Exploration : Space Suit</Activity>
			<Activity>Exploration : Vehicule</Activity>
			<Activity>Briefing</Activity>
			<Activity>Debriefing</Activity>
			<Activity>Inside Experiment</Activity>
			<Activity>Ouside Experiment</Activity>
		</Science>
		<Maintenance>
			<Activity>Cleaning</Activity>
			<Activity>LSS Air System</Activity>
			<Activity>LSS Water System</Activity>
			<Activity>Power Systems</Activity>
			<Activity>Space Suit</Activity>
			<Activity>Other</Activity>			
		</Maintenance>
		<Communication>
			<Activity>Sending Message</Activity>
			<Activity>Receiving Message</Activity>
		</Communication>
		<Repair>
			<Activity>LSS</Activity>
			<Activity>Power Systems</Activity>
			<Activity>Communications Systems</Activity>
			<Activity>Propulsion Systems</Activity>
			<Activity>Habitat</Activity>
			<Activity>Space Suit</Activity>
			<Activity>Vehicle</Activity>
		</Repair>
		<Emergency></Emergency>
	</Activities>
</Mission>
